-- phpMyAdmin SQL Dump
-- version 4.2.9.1
-- http://www.phpmyadmin.net
--
-- Host: localhost
-- Generation Time: Sep 28, 2015 at 05:19 AM
-- Server version: 5.6.17
-- PHP Version: 5.5.12

SET SQL_MODE = "NO_AUTO_VALUE_ON_ZERO";
SET time_zone = "+00:00";


/*!40101 SET @OLD_CHARACTER_SET_CLIENT=@@CHARACTER_SET_CLIENT */;
/*!40101 SET @OLD_CHARACTER_SET_RESULTS=@@CHARACTER_SET_RESULTS */;
/*!40101 SET @OLD_COLLATION_CONNECTION=@@COLLATION_CONNECTION */;
/*!40101 SET NAMES utf8 */;

--
-- Database: `c2c`
--

-- --------------------------------------------------------

--
-- Table structure for table `oc_category`
--

CREATE TABLE IF NOT EXISTS `oc_category` (
`category_id` int(11) NOT NULL,
  `image` varchar(255) DEFAULT NULL,
  `parent_id` int(11) NOT NULL DEFAULT '0',
  `top` tinyint(1) NOT NULL,
  `column` int(3) NOT NULL,
  `sort_order` int(3) NOT NULL DEFAULT '0',
  `status` tinyint(1) NOT NULL,
  `date_added` datetime NOT NULL DEFAULT '0000-00-00 00:00:00',
  `date_modified` datetime NOT NULL DEFAULT '0000-00-00 00:00:00'
) ENGINE=MyISAM AUTO_INCREMENT=304 DEFAULT CHARSET=utf8;

--
-- Dumping data for table `oc_category`
--

INSERT INTO `oc_category` (`category_id`, `image`, `parent_id`, `top`, `column`, `sort_order`, `status`, `date_added`, `date_modified`) VALUES
(266, '', 144, 0, 1, 0, 1, '2015-09-27 22:59:19', '2015-09-27 22:59:19'),
(267, '', 156, 0, 1, 0, 1, '2015-09-27 22:59:43', '2015-09-27 22:59:43'),
(268, '', 156, 0, 1, 0, 1, '2015-09-27 23:00:04', '2015-09-27 23:00:04'),
(269, '', 156, 0, 1, 0, 1, '2015-09-27 23:00:21', '2015-09-27 23:00:21'),
(245, '', 150, 0, 1, 0, 1, '2015-09-25 03:07:03', '2015-09-25 03:07:03'),
(265, '', 144, 0, 1, 0, 1, '2015-09-27 22:58:45', '2015-09-27 22:58:45'),
(271, '', 157, 0, 1, 0, 1, '2015-09-27 23:01:05', '2015-09-27 23:01:05'),
(270, '', 156, 0, 1, 0, 1, '2015-09-27 23:00:40', '2015-09-27 23:00:40'),
(257, '', 140, 0, 1, 0, 1, '2015-09-27 18:01:01', '2015-09-27 18:01:01'),
(258, '', 140, 0, 1, 0, 1, '2015-09-27 18:02:38', '2015-09-27 18:02:38'),
(259, '', 155, 0, 1, 0, 1, '2015-09-27 22:53:05', '2015-09-27 22:53:05'),
(260, '', 155, 0, 1, 0, 1, '2015-09-27 22:53:21', '2015-09-27 22:53:21'),
(261, '', 155, 0, 1, 0, 1, '2015-09-27 22:53:40', '2015-09-27 22:53:40'),
(262, '', 155, 0, 1, 0, 1, '2015-09-27 22:53:54', '2015-09-27 22:53:54'),
(263, '', 155, 0, 1, 0, 1, '2015-09-27 22:54:21', '2015-09-27 22:54:21'),
(264, '', 144, 0, 1, 0, 1, '2015-09-27 22:58:31', '2015-09-27 22:58:31'),
(57, '', 0, 1, 1, 3, 1, '2011-04-26 08:53:16', '2015-04-04 12:41:20'),
(301, '', 154, 0, 1, 0, 1, '2015-09-27 23:38:20', '2015-09-27 23:38:20'),
(300, '', 154, 0, 1, 0, 1, '2015-09-27 23:37:49', '2015-09-27 23:37:49'),
(272, '', 157, 0, 1, 0, 1, '2015-09-27 23:01:23', '2015-09-27 23:01:23'),
(273, '', 157, 0, 1, 0, 1, '2015-09-27 23:01:41', '2015-09-27 23:01:41'),
(275, '', 146, 0, 1, 0, 1, '2015-09-27 23:29:52', '2015-09-27 23:29:52'),
(276, '', 146, 0, 1, 0, 1, '2015-09-27 23:30:08', '2015-09-27 23:30:08'),
(277, '', 147, 0, 1, 0, 1, '2015-09-27 23:30:38', '2015-09-27 23:30:38'),
(278, '', 147, 0, 1, 0, 1, '2015-09-27 23:30:53', '2015-09-27 23:30:53'),
(279, '', 147, 0, 1, 0, 1, '2015-09-27 23:31:12', '2015-09-27 23:31:12'),
(280, '', 148, 0, 1, 0, 1, '2015-09-27 23:31:34', '2015-09-27 23:31:34'),
(281, '', 148, 0, 1, 0, 1, '2015-09-27 23:31:47', '2015-09-27 23:31:47'),
(282, '', 148, 0, 1, 0, 1, '2015-09-27 23:32:03', '2015-09-27 23:32:03'),
(283, '', 148, 0, 1, 0, 1, '2015-09-27 23:32:15', '2015-09-27 23:32:15'),
(284, '', 148, 0, 1, 0, 1, '2015-09-27 23:32:36', '2015-09-27 23:32:36'),
(285, '', 149, 0, 1, 0, 1, '2015-09-27 23:32:59', '2015-09-27 23:32:59'),
(286, '', 149, 0, 1, 0, 1, '2015-09-27 23:33:23', '2015-09-27 23:33:23'),
(287, '', 149, 0, 1, 0, 1, '2015-09-27 23:33:38', '2015-09-27 23:33:38'),
(288, '', 149, 0, 1, 0, 1, '2015-09-27 23:33:53', '2015-09-27 23:33:53'),
(289, '', 149, 0, 1, 0, 1, '2015-09-27 23:34:11', '2015-09-27 23:34:11'),
(290, '', 149, 0, 1, 0, 1, '2015-09-27 23:34:31', '2015-09-27 23:34:31'),
(291, '', 149, 0, 1, 0, 1, '2015-09-27 23:34:48', '2015-09-27 23:34:48'),
(292, '', 151, 0, 1, 0, 1, '2015-09-27 23:35:14', '2015-09-27 23:35:14'),
(293, '', 151, 0, 1, 0, 1, '2015-09-27 23:35:49', '2015-09-27 23:35:49'),
(294, '', 151, 0, 1, 0, 1, '2015-09-27 23:36:06', '2015-09-27 23:36:06'),
(295, '', 151, 0, 1, 0, 1, '2015-09-27 23:36:24', '2015-09-27 23:36:24'),
(296, '', 152, 0, 1, 0, 1, '2015-09-27 23:36:41', '2015-09-27 23:36:41'),
(297, '', 152, 0, 1, 0, 1, '2015-09-27 23:36:55', '2015-09-27 23:36:55'),
(298, '', 245, 0, 1, 0, 1, '2015-09-27 23:37:17', '2015-09-27 23:37:17'),
(299, '', 245, 0, 1, 0, 1, '2015-09-27 23:37:35', '2015-09-27 23:37:35'),
(249, '', 131, 0, 1, 0, 1, '2015-09-27 17:11:06', '2015-09-27 17:11:06'),
(248, 'data/Capture.PNG', 131, 0, 1, 0, 1, '2015-09-27 17:10:42', '2015-09-28 00:39:03'),
(247, '', 131, 0, 1, 0, 1, '2015-09-26 19:11:09', '2015-09-27 17:09:35'),
(246, 'data/boot1.jpg', 131, 0, 1, 0, 1, '2015-09-26 16:41:50', '2015-09-26 16:50:08'),
(254, '', 139, 0, 1, 0, 1, '2015-09-27 17:59:26', '2015-09-27 17:59:26'),
(251, '', 132, 0, 1, 0, 1, '2015-09-27 17:29:08', '2015-09-27 17:29:08'),
(250, '', 132, 0, 1, 0, 1, '2015-09-27 17:14:12', '2015-09-27 17:14:12'),
(253, '', 132, 0, 1, 0, 1, '2015-09-27 17:29:49', '2015-09-27 17:29:49'),
(255, '', 139, 0, 1, 0, 1, '2015-09-27 17:59:45', '2015-09-27 17:59:45'),
(252, '', 132, 0, 1, 0, 1, '2015-09-27 17:29:28', '2015-09-27 17:29:28'),
(130, '', 0, 0, 1, 0, 1, '2015-08-08 23:24:33', '2015-09-23 11:28:39'),
(131, 'data/paypal_button.png', 130, 0, 1, 0, 1, '2015-08-08 23:26:13', '2015-09-26 16:57:38'),
(132, '', 130, 0, 1, 0, 1, '2015-08-08 23:27:22', '2015-09-23 11:31:13'),
(137, '', 0, 0, 1, 0, 1, '2015-08-10 01:24:32', '2015-08-10 01:24:32'),
(138, '', 0, 0, 1, 0, 1, '2015-08-10 14:11:36', '2015-08-10 14:11:36'),
(139, '', 130, 0, 1, 0, 1, '2015-08-10 15:05:14', '2015-08-10 15:05:14'),
(140, '', 130, 0, 1, 0, 1, '2015-08-10 15:05:43', '2015-09-27 18:02:55'),
(141, '', 0, 0, 1, 0, 1, '2015-08-17 14:26:10', '2015-08-17 14:26:10'),
(274, '', 146, 0, 1, 0, 1, '2015-09-27 23:29:38', '2015-09-27 23:29:38'),
(143, '', 141, 0, 1, 0, 1, '2015-08-17 14:27:05', '2015-08-17 14:27:05'),
(144, '', 141, 0, 1, 0, 1, '2015-08-17 14:27:24', '2015-08-17 14:27:24'),
(145, '', 0, 0, 1, 0, 1, '2015-08-25 15:42:46', '2015-08-25 15:42:46'),
(146, '', 145, 0, 1, 0, 1, '2015-08-25 15:43:10', '2015-08-25 15:43:10'),
(147, '', 145, 0, 1, 0, 1, '2015-08-25 15:43:26', '2015-08-25 15:44:14'),
(148, '', 145, 0, 1, 0, 1, '2015-08-25 15:43:55', '2015-08-25 15:43:55'),
(149, '', 145, 0, 1, 0, 1, '2015-08-25 15:44:37', '2015-08-25 15:44:37'),
(150, '', 0, 0, 1, 0, 1, '2015-08-26 11:22:07', '2015-08-26 11:22:07'),
(151, '', 150, 0, 1, 0, 1, '2015-08-26 11:23:57', '2015-08-26 11:23:57'),
(152, '', 150, 0, 1, 0, 1, '2015-08-26 11:26:43', '2015-08-26 11:26:43'),
(256, '', 139, 0, 1, 0, 1, '2015-09-27 18:00:04', '2015-09-27 18:00:04'),
(154, '', 150, 0, 1, 0, 1, '2015-08-26 11:27:14', '2015-08-26 11:27:14'),
(155, '', 141, 0, 1, 0, 1, '2015-08-26 15:44:22', '2015-08-26 15:44:22'),
(156, '', 141, 0, 1, 0, 1, '2015-08-26 15:48:44', '2015-08-26 15:48:44'),
(157, '', 141, 0, 1, 0, 1, '2015-08-26 15:49:34', '2015-08-26 15:49:34'),
(302, '', 154, 0, 1, 0, 1, '2015-09-27 23:38:33', '2015-09-27 23:38:33'),
(303, '', 154, 0, 1, 0, 1, '2015-09-27 23:38:49', '2015-09-27 23:38:49');

-- --------------------------------------------------------

--
-- Table structure for table `oc_category_description`
--

CREATE TABLE IF NOT EXISTS `oc_category_description` (
  `category_id` int(11) NOT NULL,
  `language_id` int(11) NOT NULL,
  `name` varchar(255) NOT NULL,
  `description` text NOT NULL,
  `meta_description` varchar(255) NOT NULL,
  `meta_keyword` varchar(255) NOT NULL
) ENGINE=MyISAM DEFAULT CHARSET=utf8;

--
-- Dumping data for table `oc_category_description`
--

INSERT INTO `oc_category_description` (`category_id`, `language_id`, `name`, `description`, `meta_description`, `meta_keyword`) VALUES
(255, 5, 'Girls', '', '', ''),
(254, 5, 'Boys', '', '', ''),
(254, 1, 'Boys', '', '', ''),
(253, 1, 'Bags &amp; Purses', '', '', ''),
(245, 1, 'Movies &amp; Series', '', '', ''),
(271, 1, 'Bags &amp; Backpacks', '', '', ''),
(253, 5, 'Bags &amp; Purses', '', '', ''),
(252, 1, 'Accessories', '', '', ''),
(252, 5, 'Accessories', '', '', ''),
(150, 5, 'Entertainment', '', '', ''),
(151, 5, 'Games &amp; Toys', '', '', ''),
(152, 5, 'Music &amp; Songs', '', '', ''),
(154, 5, 'Books', '', '', ''),
(155, 5, 'Home &amp; Dining', '', '', ''),
(156, 5, 'Sports &amp; Fitness', '', '', ''),
(157, 5, 'Travel &amp; Luggage', '', '', ''),
(246, 5, 'Shoes', '', '', ''),
(246, 1, 'Shoes', '', '', ''),
(247, 5, 'Clothing', '', '', ''),
(247, 1, 'Clothing', '', '', ''),
(248, 5, 'Accessories', '', '', ''),
(248, 1, 'Accessories', '', '', ''),
(249, 5, 'Bags &amp; Wallets', '', '', ''),
(249, 1, 'Bags &amp; Wallets', '', '', ''),
(250, 5, 'Shoes', '', '', ''),
(250, 1, 'Shoes', '', '', ''),
(251, 5, 'Clothing', '', '', ''),
(251, 1, 'Clothing', '', '', ''),
(149, 5, 'IT Accessory', '', '', ''),
(148, 5, 'Photography', '', '', ''),
(147, 5, 'PC &amp; Laptop', '', '', ''),
(57, 1, 'Others', '', '', ''),
(270, 5, 'Gym &amp; Fitness', '', '', ''),
(269, 1, 'Outdoor &amp; Adventure', '', '', ''),
(269, 5, 'Outdoor &amp; Adventure', '', '', ''),
(268, 1, 'Individual Sports', '', '', ''),
(267, 1, 'Team Sports', '', '', ''),
(268, 5, 'Individual Sports', '', '', ''),
(267, 5, 'Team Sports', '', '', ''),
(266, 1, 'Health &amp; Supplements', '', '', ''),
(262, 1, 'Living Room', '', '', ''),
(263, 5, 'Bathroom', '', '', ''),
(263, 1, 'Bathroom', '', '', ''),
(264, 5, 'Women''s Care', '', '', ''),
(264, 1, 'Women''s Care', '', '', ''),
(265, 5, 'Men''s Care', '', '', ''),
(265, 1, 'Men''s Care', '', '', ''),
(266, 5, 'Health &amp; Supplements', '', '', ''),
(146, 5, 'Mobile &amp; Tablet', '', '', ''),
(144, 5, 'Health &amp; Beauty', '', '', ''),
(143, 5, 'Appliances', '', '', ''),
(274, 5, 'Mobiles', '', '', ''),
(141, 5, 'Home &amp; Lifestyles', '', '', ''),
(140, 5, 'Watches &amp; Jewelry', '', '', ''),
(139, 5, 'Baby &amp; Kids', '', '', ''),
(138, 5, 'Best Offer', '', '', ''),
(137, 5, 'Latest Added', '', '', ''),
(132, 5, 'For Her', '', '', ''),
(131, 5, 'For Him', '', '', ''),
(130, 5, 'Clothing &amp; Accessories', '', '', ''),
(57, 5, 'Others', '', '', ''),
(245, 5, 'Movies &amp; Series', '', '', ''),
(130, 1, 'Clothing &amp; Accessories', '', '', ''),
(131, 1, 'For Him', '', '', ''),
(132, 1, 'For Her', '', '', ''),
(137, 1, 'Latest Added', '', '', ''),
(138, 1, 'Best Offer', '', '', ''),
(139, 1, 'Baby &amp; Kids', '', '', ''),
(140, 1, 'Watches &amp; Jewerly', '', '', ''),
(141, 1, 'Home &amp; Lifestyles', '', '', ''),
(274, 1, 'Mobiles', '', '', ''),
(143, 1, 'Appliances', '', '', ''),
(144, 1, 'Health &amp; Beauty', '', '', ''),
(145, 1, 'IT &amp; Gadgets', '', '', ''),
(146, 1, 'Mobile &amp; Tablet', '', '', ''),
(147, 1, 'PC &amp; Laptop', '', '', ''),
(148, 1, 'Photography', '', '', ''),
(149, 1, 'IT Accessory', '', '', ''),
(150, 1, 'Entertainment', '', '', ''),
(151, 1, 'Games &amp; Toys', '', '', ''),
(152, 1, 'Music &amp; Songs', '', '', ''),
(145, 5, 'IT &amp; Gadgets', '', '', ''),
(154, 1, 'Books', '', '', ''),
(155, 1, 'Home &amp; Dining', '', '', ''),
(156, 1, 'Sports &amp; Fitness', '', '', ''),
(157, 1, 'Travel &amp; Luggage', '', '', ''),
(271, 5, 'Bags &amp; Backpacks', '', '', ''),
(270, 1, 'Gym &amp; Fitness', '', '', ''),
(262, 5, 'Living Room', '', '', ''),
(261, 1, 'Kitchen &amp; Dinning', '', '', ''),
(261, 5, 'Kitchen &amp; Dinning', '', '', ''),
(260, 1, 'Bedroom', '', '', ''),
(260, 5, 'Bedroom', '', '', ''),
(259, 1, 'Furniture', '', '', ''),
(259, 5, 'Furniture', '', '', ''),
(258, 1, 'Jewellery', '', '', ''),
(258, 5, 'Jewellery', '', '', ''),
(257, 1, 'Watches', '', '', ''),
(257, 5, 'Watches', '', '', ''),
(256, 1, 'Babies Wear', '', '', ''),
(256, 5, 'Babies Wear', '', '', ''),
(255, 1, 'Girls', '', '', ''),
(272, 5, 'Luggage', '', '', ''),
(272, 1, 'Luggage', '', '', ''),
(273, 5, 'Travel Accessories', '', '', ''),
(273, 1, 'Travel Accessories', '', '', ''),
(275, 5, 'Tablets', '', '', ''),
(275, 1, 'Tablets', '', '', ''),
(276, 5, 'Mobile Accessories', '', '', ''),
(276, 1, 'Mobile Accessories', '', '', ''),
(277, 5, 'Laptops', '', '', ''),
(277, 1, 'Laptops', '', '', ''),
(278, 5, 'Desktop Computers', '', '', ''),
(278, 1, 'Desktop Computers', '', '', ''),
(279, 5, 'Computer DIY Components', '', '', ''),
(279, 1, 'Computer DIY Components', '', '', ''),
(280, 5, 'DSLR Camera', '', '', ''),
(280, 1, 'DSLR Camera', '', '', ''),
(281, 5, 'Compact Camera', '', '', ''),
(281, 1, 'Compact Camera', '', '', ''),
(282, 5, 'Mirrorless Camera', '', '', ''),
(282, 1, 'Mirrorless Camera', '', '', ''),
(283, 5, 'Camcorder', '', '', ''),
(283, 1, 'Camcorder', '', '', ''),
(284, 5, 'Camera Accessories', '', '', ''),
(284, 1, 'Camera Accessories', '', '', ''),
(285, 5, 'Printer &amp; Scanner', '', '', ''),
(285, 1, 'Printer &amp; Scanner', '', '', ''),
(286, 5, 'Keyboard &amp; Mouse', '', '', ''),
(286, 1, 'Keyboard &amp; Mouse', '', '', ''),
(287, 5, 'Storage', '', '', ''),
(287, 1, 'Storage', '', '', ''),
(288, 5, 'Webcams', '', '', ''),
(288, 1, 'Webcams', '', '', ''),
(289, 5, 'Sound Systems', '', '', ''),
(289, 1, 'Sound Systems', '', '', ''),
(290, 5, 'MP3 Players', '', '', ''),
(290, 1, 'MP3 Players', '', '', ''),
(291, 5, 'Cables&amp; Adapters', '', '', ''),
(291, 1, 'Cables&amp; Adapters', '', '', ''),
(292, 5, 'Gift Cards &amp; Game Voucher', '', '', ''),
(292, 1, 'Gift Cards &amp; Game Voucher', '', '', ''),
(293, 5, 'Video Games', '', '', ''),
(293, 1, 'Video Games', '', '', ''),
(294, 5, 'Board &amp; Card Games', '', '', ''),
(294, 1, 'Board &amp; Card Games', '', '', ''),
(295, 5, 'Toys', '', '', ''),
(295, 1, 'Toys', '', '', ''),
(296, 5, 'Local Songs', '', '', ''),
(296, 1, 'Local Songs', '', '', ''),
(297, 5, 'Foreign Songs', '', '', ''),
(297, 1, 'Foreign Songs', '', '', ''),
(298, 5, 'Local Movies &amp; Series', '', '', ''),
(298, 1, 'Local Movies &amp; Series', '', '', ''),
(299, 5, 'Foreign Movies &amp; Series', '', '', ''),
(299, 1, 'Foreign Movies &amp; Series', '', '', ''),
(300, 5, 'Fiction', '', '', ''),
(300, 1, 'Fiction', '', '', ''),
(301, 5, 'Non Fiction', '', '', ''),
(301, 1, 'Non Fiction', '', '', ''),
(302, 5, 'English Books', '', '', ''),
(302, 1, 'English Books', '', '', ''),
(303, 5, 'Comics', '', '', ''),
(303, 1, 'Comics', '', '', '');

-- --------------------------------------------------------

--
-- Table structure for table `oc_category_filter`
--

CREATE TABLE IF NOT EXISTS `oc_category_filter` (
  `category_id` int(11) NOT NULL,
  `filter_id` int(11) NOT NULL
) ENGINE=MyISAM DEFAULT CHARSET=utf8;

-- --------------------------------------------------------

--
-- Table structure for table `oc_category_path`
--

CREATE TABLE IF NOT EXISTS `oc_category_path` (
  `category_id` int(11) NOT NULL,
  `path_id` int(11) NOT NULL,
  `level` int(11) NOT NULL
) ENGINE=MyISAM DEFAULT CHARSET=utf8;

--
-- Dumping data for table `oc_category_path`
--

INSERT INTO `oc_category_path` (`category_id`, `path_id`, `level`) VALUES
(291, 145, 0),
(290, 149, 1),
(290, 290, 2),
(289, 289, 2),
(290, 145, 0),
(289, 145, 0),
(289, 149, 1),
(259, 155, 1),
(259, 259, 2),
(288, 149, 1),
(288, 288, 2),
(258, 258, 2),
(259, 141, 0),
(258, 130, 0),
(258, 140, 1),
(257, 140, 1),
(257, 257, 2),
(273, 141, 0),
(256, 256, 2),
(257, 130, 0),
(256, 130, 0),
(256, 139, 1),
(286, 145, 0),
(297, 152, 1),
(287, 287, 2),
(288, 145, 0),
(287, 145, 0),
(287, 149, 1),
(248, 248, 2),
(260, 141, 0),
(303, 150, 0),
(272, 157, 1),
(272, 272, 2),
(271, 271, 2),
(272, 141, 0),
(271, 141, 0),
(271, 157, 1),
(270, 156, 1),
(270, 270, 2),
(269, 269, 2),
(270, 141, 0),
(269, 141, 0),
(269, 156, 1),
(268, 268, 2),
(267, 267, 2),
(268, 141, 0),
(267, 141, 0),
(267, 156, 1),
(266, 144, 1),
(286, 149, 1),
(286, 286, 2),
(266, 266, 2),
(265, 265, 2),
(266, 141, 0),
(265, 141, 0),
(265, 144, 1),
(264, 144, 1),
(264, 264, 2),
(263, 263, 2),
(264, 141, 0),
(263, 141, 0),
(263, 155, 1),
(262, 155, 1),
(262, 262, 2),
(261, 261, 2),
(262, 141, 0),
(261, 141, 0),
(261, 155, 1),
(260, 155, 1),
(260, 260, 2),
(57, 57, 0),
(268, 156, 1),
(297, 150, 0),
(296, 296, 2),
(296, 152, 1),
(296, 150, 0),
(295, 295, 2),
(295, 151, 1),
(295, 150, 0),
(294, 294, 2),
(294, 151, 1),
(294, 150, 0),
(293, 293, 2),
(293, 151, 1),
(302, 302, 2),
(302, 154, 1),
(302, 150, 0),
(301, 301, 2),
(301, 154, 1),
(301, 150, 0),
(300, 300, 2),
(300, 154, 1),
(300, 150, 0),
(299, 299, 2),
(299, 245, 1),
(299, 150, 0),
(298, 298, 2),
(298, 245, 1),
(298, 150, 0),
(297, 297, 2),
(285, 285, 2),
(285, 149, 1),
(285, 145, 0),
(284, 284, 2),
(284, 148, 1),
(284, 145, 0),
(283, 283, 2),
(283, 148, 1),
(283, 145, 0),
(282, 282, 2),
(282, 148, 1),
(282, 145, 0),
(281, 281, 2),
(281, 148, 1),
(281, 145, 0),
(280, 280, 2),
(280, 148, 1),
(280, 145, 0),
(279, 279, 2),
(279, 147, 1),
(248, 131, 1),
(248, 130, 0),
(247, 247, 2),
(247, 131, 1),
(247, 130, 0),
(246, 246, 2),
(246, 130, 0),
(246, 131, 1),
(245, 245, 1),
(245, 150, 0),
(252, 252, 2),
(252, 132, 1),
(252, 130, 0),
(251, 251, 2),
(250, 130, 0),
(249, 249, 2),
(249, 131, 1),
(249, 130, 0),
(255, 139, 1),
(255, 130, 0),
(251, 132, 1),
(251, 130, 0),
(254, 130, 0),
(253, 253, 2),
(253, 132, 1),
(253, 130, 0),
(250, 250, 2),
(250, 132, 1),
(254, 254, 2),
(254, 139, 1),
(130, 130, 0),
(131, 130, 0),
(131, 131, 1),
(132, 130, 0),
(132, 132, 1),
(137, 137, 0),
(138, 138, 0),
(139, 130, 0),
(139, 139, 1),
(140, 130, 0),
(140, 140, 1),
(141, 141, 0),
(274, 146, 1),
(274, 145, 0),
(143, 141, 0),
(143, 143, 1),
(144, 141, 0),
(144, 144, 1),
(145, 145, 0),
(146, 145, 0),
(146, 146, 1),
(147, 147, 1),
(148, 145, 0),
(148, 148, 1),
(147, 145, 0),
(149, 145, 0),
(149, 149, 1),
(150, 150, 0),
(151, 150, 0),
(151, 151, 1),
(152, 150, 0),
(152, 152, 1),
(255, 255, 2),
(154, 150, 0),
(154, 154, 1),
(155, 141, 0),
(155, 155, 1),
(156, 141, 0),
(156, 156, 1),
(157, 141, 0),
(157, 157, 1),
(291, 149, 1),
(291, 291, 2),
(292, 150, 0),
(293, 150, 0),
(292, 292, 2),
(292, 151, 1),
(273, 157, 1),
(279, 145, 0),
(278, 278, 2),
(278, 147, 1),
(278, 145, 0),
(277, 277, 2),
(277, 147, 1),
(277, 145, 0),
(276, 276, 2),
(276, 146, 1),
(276, 145, 0),
(275, 275, 2),
(275, 146, 1),
(275, 145, 0),
(274, 274, 2),
(273, 273, 2),
(303, 154, 1),
(303, 303, 2);

-- --------------------------------------------------------

--
-- Table structure for table `oc_category_to_layout`
--

CREATE TABLE IF NOT EXISTS `oc_category_to_layout` (
  `category_id` int(11) NOT NULL,
  `store_id` int(11) NOT NULL,
  `layout_id` int(11) NOT NULL
) ENGINE=MyISAM DEFAULT CHARSET=utf8;

-- --------------------------------------------------------

--
-- Table structure for table `oc_category_to_store`
--

CREATE TABLE IF NOT EXISTS `oc_category_to_store` (
  `category_id` int(11) NOT NULL,
  `store_id` int(11) NOT NULL
) ENGINE=MyISAM DEFAULT CHARSET=utf8;

--
-- Dumping data for table `oc_category_to_store`
--

INSERT INTO `oc_category_to_store` (`category_id`, `store_id`) VALUES
(57, 0),
(130, 0),
(131, 0),
(132, 0),
(137, 0),
(138, 0),
(139, 0),
(140, 0),
(141, 0),
(143, 0),
(144, 0),
(145, 0),
(146, 0),
(147, 0),
(148, 0),
(149, 0),
(150, 0),
(151, 0),
(152, 0),
(154, 0),
(155, 0),
(156, 0),
(157, 0),
(245, 0),
(246, 0),
(247, 0),
(248, 0),
(249, 0),
(250, 0),
(251, 0),
(252, 0),
(253, 0),
(254, 0),
(255, 0),
(256, 0),
(257, 0),
(258, 0),
(259, 0),
(260, 0),
(261, 0),
(262, 0),
(263, 0),
(264, 0),
(265, 0),
(266, 0),
(267, 0),
(268, 0),
(269, 0),
(270, 0),
(271, 0),
(272, 0),
(273, 0),
(274, 0),
(275, 0),
(276, 0),
(277, 0),
(278, 0),
(279, 0),
(280, 0),
(281, 0),
(282, 0),
(283, 0),
(284, 0),
(285, 0),
(286, 0),
(287, 0),
(288, 0),
(289, 0),
(290, 0),
(291, 0),
(292, 0),
(293, 0),
(294, 0),
(295, 0),
(296, 0),
(297, 0),
(298, 0),
(299, 0),
(300, 0),
(301, 0),
(302, 0),
(303, 0);

--
-- Indexes for dumped tables
--

--
-- Indexes for table `oc_category`
--
ALTER TABLE `oc_category`
 ADD PRIMARY KEY (`category_id`);

--
-- Indexes for table `oc_category_description`
--
ALTER TABLE `oc_category_description`
 ADD PRIMARY KEY (`category_id`,`language_id`), ADD KEY `name` (`name`);

--
-- Indexes for table `oc_category_filter`
--
ALTER TABLE `oc_category_filter`
 ADD PRIMARY KEY (`category_id`,`filter_id`);

--
-- Indexes for table `oc_category_path`
--
ALTER TABLE `oc_category_path`
 ADD PRIMARY KEY (`category_id`,`path_id`);

--
-- Indexes for table `oc_category_to_layout`
--
ALTER TABLE `oc_category_to_layout`
 ADD PRIMARY KEY (`category_id`,`store_id`);

--
-- Indexes for table `oc_category_to_store`
--
ALTER TABLE `oc_category_to_store`
 ADD PRIMARY KEY (`category_id`,`store_id`);

--
-- AUTO_INCREMENT for dumped tables
--

--
-- AUTO_INCREMENT for table `oc_category`
--
ALTER TABLE `oc_category`
MODIFY `category_id` int(11) NOT NULL AUTO_INCREMENT,AUTO_INCREMENT=304;
/*!40101 SET CHARACTER_SET_CLIENT=@OLD_CHARACTER_SET_CLIENT */;
/*!40101 SET CHARACTER_SET_RESULTS=@OLD_CHARACTER_SET_RESULTS */;
/*!40101 SET COLLATION_CONNECTION=@OLD_COLLATION_CONNECTION */;
